index,centre_NNN,full_sequence,Tm_true_C,pred_full_111d,pred_no_wc_111d,pred_no_stacking_111d,pred_no_wc_no_stacking_111d,pred_random_111d
0,GCG/CGC,CGACGTGCGCGATGTGCTG,69.30,68.4434,67.7934,68.4049,65.9905,64.6886
1,CGC/GCG,CGACGTGCCGCATGTGCTG,69.10,66.9769,68.9841,67.6906,67.1185,64.1702
2,GGC/CCG,CGACGTGCGGCATGTGCTG,68.90,69.0451,68.0791,68.1330,68.5565,64.5960
3,GCC/CGG,CGACGTGCGCCATGTGCTG,68.70,68.3488,67.6257,67.7733,64.9577,63.7206
4,CGG/GCC,CGACGTGCCGGATGTGCTG,68.20,69.3288,68.1423,69.0337,67.6507,64.1653
5,CCG/GGC,CGACGTGCCCGATGTGCTG,68.20,66.9551,67.6724,67.6145,68.3342,65.1041
6,GGG/CCC,CGACGTGCGGGATGTGCTG,67.70,68.6220,69.6957,67.0743,68.2973,65.7061
7,CCC/GGG,CGACGTGCCCCATGTGCTG,67.70,69.0742,67.3650,67.8373,66.5293,64.9230
8,TGC/ACG,CGACGTGCTGCATGTGCTG,67.50,65.9247,66.7764,66.1515,64.2197,66.3246
9,GAC/CTG,CGACGTGCGACATGTGCTG,67.20,67.3346,67.0460,65.2503,66.4435,64.8107
10,GCA/CGT,CGACGTGCGCAATGTGCTG,67.10,64.7876,66.4392,67.8764,65.6225,63.8304
11,TCG/AGC,CGACGTGCTCGATGTGCTG,66.60,65.4066,66.0860,65.3324,64.2763,65.3557
12,GGA/CCT,CGACGTGCGGAATGTGCTG,66.60,66.4611,67.5708,65.7700,65.9774,64.6323
13,CGA/GCT,CGACGTGCCGAATGTGCTG,66.50,66.9518,66.7577,65.5127,66.7474,65.8855
14,CAG/GTC,CGACGTGCCAGATGTGCTG,66.50,66.0487,64.8609,66.2515,65.1941,63.7300
15,GAG/CTC,CGACGTGCGAGATGTGCTG,66.50,66.4370,66.6723,67.6203,66.4789,62.7988
16,GCT/CGA,CGACGTGCGCTATGTGCTG,66.40,65.8036,65.0081,65.1926,65.3518,65.7179
17,CAC/GTG,CGACGTGCCACATGTGCTG,66.40,66.0117,67.3868,67.2849,66.1716,62.5161
18,GTC/CAG,CGACGTGCGTCATGTGCTG,66.40,66.0682,66.2262,64.8831,65.9588,66.0257
19,GTG/CAC,CGACGTGCGTGATGTGCTG,66.20,65.9806,64.8993,66.0130,67.7938,63.4459
20,CGT/GCA,CGACGTGCCGTATGTGCTG,66.20,63.7136,65.5694,63.6682,63.5922,64.7140
21,AGC/TCG,CGACGTGCAGCATGTGCTG,66.10,66.1812,65.5066,65.8421,66.1531,64.5347
22,TCC/AGG,CGACGTGCTCCATGTGCTG,66.10,64.6384,65.6157,66.0069,66.9839,64.7440
23,CCA/GGT,CGACGTGCCCAATGTGCTG,66.00,67.0694,65.6539,65.0857,66.6859,64.2288
24,AGG/TCC,CGACGTGCAGGATGTGCTG,66.00,65.8425,65.9146,65.6244,63.1984,64.9899
25,GGT/CCA,CGACGTGCGGTATGTGCTG,66.00,64.8381,65.4377,65.3236,65.7602,64.0413
26,CTG/GAC,CGACGTGCCTGATGTGCTG,65.90,65.7335,65.5836,64.1469,66.6515,65.0856
27,CTC/GAG,CGACGTGCCTCATGTGCTG,65.80,65.0869,66.5678,66.8602,65.5104,65.8834
28,TGG/ACC,CGACGTGCTGGATGTGCTG,65.50,66.4605,66.1195,64.7410,65.1787,66.8326
29,ACG/TGC,CGACGTGCACGATGTGCTG,65.40,65.9839,65.9727,64.4871,64.7984,67.4519
30,ACC/TGG,CGACGTGCACCATGTGCTG,65.20,66.5389,65.4806,64.5393,64.9843,64.6924
31,TTG/AAC,CGACGTGCTTGATGTGCTG,64.90,63.1587,64.1074,64.5887,65.0356,64.9753
32,ATC/TAG,CGACGTGCATCATGTGCTG,64.80,64.9825,64.2716,63.9842,64.5086,65.4366
33,GAA/CTT,CGACGTGCGAAATGTGCTG,64.70,65.6351,63.3794,64.3119,64.8021,65.5063
34,CAA/GTT,CGACGTGCCAAATGTGCTG,64.50,65.7061,66.0791,64.3355,63.8163,63.9427
35,AAC/TTG,CGACGTGCAACATGTGCTG,64.50,63.7844,64.7347,62.6928,64.4675,65.3241
36,CCT/GGA,CGACGTGCCCTATGTGCTG,64.40,64.0369,64.3100,64.2797,65.8260,65.9821
37,TTC/AAG,CGACGTGCTTCATGTGCTG,64.40,63.5542,63.5536,65.0621,65.0340,66.9850
38,TGA/ACT,CGACGTGCTGAATGTGCTG,64.40,64.8689,62.9991,63.9449,64.4836,63.8613
39,TCA/AGT,CGACGTGCTCAATGTGCTG,64.20,62.9122,63.8354,63.5850,64.1445,64.5838
40,AGA/TCT,CGACGTGCAGAATGTGCTG,64.20,63.2949,63.3824,64.0089,62.9182,66.7226
41,GAT/CTA,CGACGTGCGATATGTGCTG,64.10,63.3999,64.6332,63.5808,64.9296,64.5547
42,GTA/CAT,CGACGTGCGTAATGTGCTG,63.90,64.4320,64.5062,65.4193,65.4733,63.8436
43,AAG/TTC,CGACGTGCAAGATGTGCTG,63.80,63.8908,64.2382,64.6617,63.8624,64.9595
44,ATG/TAC,CGACGTGCATGATGTGCTG,63.60,64.5286,63.2022,66.0115,63.8253,66.4276
45,GTT/CAA,CGACGTGCGTTATGTGCTG,63.60,62.4117,63.3145,64.6227,64.0138,64.8021
46,TAG/ATC,CGACGTGCTAGATGTGCTG,63.60,63.4164,64.0764,62.2428,64.5334,64.2319
47,TAC/ATG,CGACGTGCTACATGTGCTG,63.60,65.2498,64.9437,65.1418,63.5525,63.8837
48,CTA/GAT,CGACGTGCCTAATGTGCTG,63.60,63.7886,64.5693,65.2699,63.4780,66.2860
49,TCT/AGA,CGACGTGCTCTATGTGCTG,63.00,62.0195,62.6041,63.8852,61.7507,63.5628
50,CAT/GTA,CGACGTGCCATATGTGCTG,63.00,64.0283,62.9203,64.1259,64.0694,66.0693
51,ACA/TGT,CGACGTGCACAATGTGCTG,63.00,63.9113,64.4245,63.6548,65.3657,65.5562
52,CTT/GAA,CGACGTGCCTTATGTGCTG,62.90,63.0992,63.1223,62.8948,64.3749,65.3659
53,AGT/TCA,CGACGTGCAGTATGTGCTG,62.70,63.4971,61.2867,64.2978,62.3385,65.9592
54,AAA/TTT,CGACGTGCAAAATGTGCTG,62.40,62.0016,62.3888,64.0467,62.5104,63.8724
55,TGT/ACA,CGACGTGCTGTATGTGCTG,62.10,63.0838,62.8453,63.7289,64.1911,63.1174
56,ATA/TAT,CGACGTGCATAATGTGCTG,61.80,63.3029,62.9010,60.8661,62.2675,63.7050
57,TAA/ATT,CGACGTGCTAAATGTGCTG,61.60,63.6453,62.8281,62.7854,63.5383,64.6172
58,TAT/ATA,CGACGTGCTATATGTGCTG,61.30,62.0938,61.1549,61.3533,62.8506,65.6945
59,AAT/TTA,CGACGTGCAATATGTGCTG,61.20,60.7868,62.3696,62.2890,63.7681,65.3213
60,ATT/TAA,CGACGTGCATTATGTGCTG,60.70,60.4591,61.2588,62.7362,62.9052,65.9828
61,ACT/TGA,CGACGTGCACTATGTGCTG,60.70,61.8911,62.0571,61.6794,64.3590,64.0719
62,TTA/AAT,CGACGTGCTTAATGTGCTG,61.10,63.4124,62.0313,62.4583,63.8557,65.1777
63,TTT/AAA,CGACGTGCTTTATGTGCTG,61.00,61.7913,60.2924,62.0284,62.2891,65.2789
