index,centre_NNN,full_sequence,Tm_true_C,pred_full_21d,pred_no_wc_21d,pred_no_stacking_21d,pred_no_wc_no_stacking_21d,pred_random_21d
0,GCG/CGC,CGACGTGCGCGATGTGCTG,69.30,68.6177,68.4568,68.5025,68.4448,64.5646
1,CGC/GCG,CGACGTGCCGCATGTGCTG,69.10,69.2533,69.5338,68.6896,68.6190,64.4086
2,GGC/CCG,CGACGTGCGGCATGTGCTG,68.90,69.1964,69.1325,69.1361,69.5401,64.7387
3,GCC/CGG,CGACGTGCGCCATGTGCTG,68.70,69.0385,68.8711,68.9318,68.6996,64.0332
4,CGG/GCC,CGACGTGCCGGATGTGCTG,68.20,67.4499,68.4579,68.4156,68.3166,64.6314
5,CCG/GGC,CGACGTGCCCGATGTGCTG,68.20,68.1944,68.2462,68.2651,68.4328,64.9732
6,GGG/CCC,CGACGTGCGGGATGTGCTG,67.70,68.5402,68.8504,68.8989,68.8503,64.6445
7,CCC/GGG,CGACGTGCCCCATGTGCTG,67.70,67.7944,68.0698,68.6889,68.5964,64.4303
8,TGC/ACG,CGACGTGCTGCATGTGCTG,67.50,66.4570,66.2254,65.9865,65.8593,65.4441
9,GAC/CTG,CGACGTGCGACATGTGCTG,67.20,67.0396,66.8672,67.2867,66.9587,65.4735
10,GCA/CGT,CGACGTGCGCAATGTGCTG,67.10,66.5637,66.6249,66.1794,66.0478,64.3683
11,TCG/AGC,CGACGTGCTCGATGTGCTG,66.60,65.6816,65.4556,65.9256,65.7884,65.8908
12,GGA/CCT,CGACGTGCGGAATGTGCTG,66.60,66.9435,66.8510,66.8720,66.9198,64.8092
13,CGA/GCT,CGACGTGCCGAATGTGCTG,66.50,66.9561,66.7319,66.6700,66.4606,64.8218
14,CAG/GTC,CGACGTGCCAGATGTGCTG,66.50,66.1436,65.8225,65.6475,65.5960,64.7205
15,GAG/CTC,CGACGTGCGAGATGTGCTG,66.50,66.7433,66.4080,66.5015,66.5754,64.3582
16,GCT/CGA,CGACGTGCGCTATGTGCTG,66.40,65.5923,65.2195,64.8334,64.8431,64.2880
17,CAC/GTG,CGACGTGCCACATGTGCTG,66.40,66.5675,66.6144,66.2465,66.0388,64.5611
18,GTC/CAG,CGACGTGCGTCATGTGCTG,66.40,66.5513,66.3565,66.7537,66.9057,64.4681
19,GTG/CAC,CGACGTGCGTGATGTGCTG,66.20,67.0052,66.6822,66.9021,66.8201,64.6831
20,CGT/GCA,CGACGTGCCGTATGTGCTG,66.20,65.8664,65.8594,65.3612,65.6441,65.0537
21,AGC/TCG,CGACGTGCAGCATGTGCTG,66.10,66.0561,65.8260,65.9286,66.1342,65.4480
22,TCC/AGG,CGACGTGCTCCATGTGCTG,66.10,65.4407,65.2591,66.1821,66.3032,64.9022
23,CCA/GGT,CGACGTGCCCAATGTGCTG,66.00,66.2758,66.1316,66.0959,66.2212,64.7206
24,AGG/TCC,CGACGTGCAGGATGTGCTG,66.00,65.2944,65.6019,65.1643,65.5701,64.4704
25,GGT/CCA,CGACGTGCGGTATGTGCTG,66.00,65.5260,65.8036,66.0954,65.9752,64.9348
26,CTG/GAC,CGACGTGCCTGATGTGCTG,65.90,66.3392,65.8976,66.0641,66.0260,64.8582
27,CTC/GAG,CGACGTGCCTCATGTGCTG,65.80,65.7237,66.0035,66.0326,66.2302,65.0330
28,TGG/ACC,CGACGTGCTGGATGTGCTG,65.50,66.1002,65.8524,66.2626,65.9728,65.0735
29,ACG/TGC,CGACGTGCACGATGTGCTG,65.40,65.8742,65.5720,65.4901,65.4562,65.6784
30,ACC/TGG,CGACGTGCACCATGTGCTG,65.20,65.7335,65.5454,65.7124,65.5170,64.7122
31,TTG/AAC,CGACGTGCTTGATGTGCTG,64.90,63.6585,63.8591,63.7372,63.8733,65.1051
32,ATC/TAG,CGACGTGCATCATGTGCTG,64.80,63.8661,63.9516,63.6628,63.9665,64.8081
33,GAA/CTT,CGACGTGCGAAATGTGCTG,64.70,64.6132,64.5050,64.7186,64.6012,64.6751
34,CAA/GTT,CGACGTGCCAAATGTGCTG,64.50,63.7703,64.0144,63.8750,63.8601,64.8620
35,AAC/TTG,CGACGTGCAACATGTGCTG,64.50,63.9574,64.3019,64.2522,64.1613,64.9281
36,CCT/GGA,CGACGTGCCCTATGTGCTG,64.40,64.4665,64.8074,65.2141,65.2870,65.3356
37,TTC/AAG,CGACGTGCTTCATGTGCTG,64.40,63.6374,63.5543,64.2876,64.0150,65.3008
38,TGA/ACT,CGACGTGCTGAATGTGCTG,64.40,64.2288,64.0048,63.9001,64.1286,64.5181
39,TCA/AGT,CGACGTGCTCAATGTGCTG,64.20,63.1327,63.2681,63.7969,63.7277,65.0830
40,AGA/TCT,CGACGTGCAGAATGTGCTG,64.20,63.3382,63.7188,63.5417,63.3855,65.6379
41,GAT/CTA,CGACGTGCGATATGTGCTG,64.10,63.7113,63.2145,63.8945,64.0861,64.5874
42,GTA/CAT,CGACGTGCGTAATGTGCTG,63.90,64.5048,64.7800,64.6292,64.6929,64.8174
43,AAG/TTC,CGACGTGCAAGATGTGCTG,63.80,63.7502,63.9606,64.1144,63.9167,64.9935
44,ATG/TAC,CGACGTGCATGATGTGCTG,63.60,63.9545,64.0309,64.0497,64.0489,64.5686
45,GTT/CAA,CGACGTGCGTTATGTGCTG,63.60,62.8268,63.3280,63.1367,63.1425,64.4839
46,TAG/ATC,CGACGTGCTAGATGTGCTG,63.60,64.4133,64.6133,63.9127,64.0888,64.8187
47,TAC/ATG,CGACGTGCTACATGTGCTG,63.60,65.1470,64.6655,64.6594,64.8056,64.9097
48,CTA/GAT,CGACGTGCCTAATGTGCTG,63.60,64.2019,64.2493,63.7900,63.9710,65.3095
49,TCT/AGA,CGACGTGCTCTATGTGCTG,63.00,61.8184,61.9556,62.4259,62.5728,65.1453
50,CAT/GTA,CGACGTGCCATATGTGCTG,63.00,63.1667,63.1680,63.1548,63.3088,65.6012
51,ACA/TGT,CGACGTGCACAATGTGCTG,63.00,63.5768,63.8121,63.4079,63.5652,65.2847
52,CTT/GAA,CGACGTGCCTTATGTGCTG,62.90,62.3452,62.6847,62.5431,62.3605,64.9508
53,AGT/TCA,CGACGTGCAGTATGTGCTG,62.70,62.8126,62.4245,62.8913,62.5915,65.8709
54,AAA/TTT,CGACGTGCAAAATGTGCTG,62.40,61.6388,62.0599,61.9356,62.0403,64.8869
55,TGT/ACA,CGACGTGCTGTATGTGCTG,62.10,63.2831,63.1180,63.6585,63.6138,65.7447
56,ATA/TAT,CGACGTGCATAATGTGCTG,61.80,62.0998,62.4435,61.8834,61.8347,64.3985
57,TAA/ATT,CGACGTGCTAAATGTGCTG,61.60,62.7612,62.6765,62.2596,62.4147,64.9261
58,TAT/ATA,CGACGTGCTATATGTGCTG,61.30,61.7408,61.3587,61.2588,61.2301,64.9966
59,AAT/TTA,CGACGTGCAATATGTGCTG,61.20,61.0519,61.1497,61.2960,61.2827,64.7584
60,ATT/TAA,CGACGTGCATTATGTGCTG,60.70,60.8054,60.8469,60.4331,60.3588,65.6431
61,ACT/TGA,CGACGTGCACTATGTGCTG,60.70,62.7709,62.5422,62.4050,62.4878,64.9035
62,TTA/AAT,CGACGTGCTTAATGTGCTG,61.10,62.3235,62.1987,62.0640,61.8661,66.1021
63,TTT/AAA,CGACGTGCTTTATGTGCTG,61.00,60.5573,60.6246,60.6041,60.5822,65.2033
